{
  "name": "bettertemplates",
  "title": "Better Templates",
  "description": "Allows you to set opacity of measured templates fill and stroke",
  "author": "Vance Cole",
  "version": "0.1.0",
  "minimumCoreVersion": "0.6.4",
  "compatibleCoreVersion": "0.6.5",
  "esmodules": [
    "js/bettertemplates.js"
  ],
  "styles": [
    "css/bettertemplates.css"
  ],
  "url": "https://github.com/VanceCole/bettertemplates",
  "manifest": "https://raw.githubusercontent.com/VanceCole/bettertemplates/master/module.json",
  "readme": "https://github.com/VanceCole/bettertemplates/blob/master/README.md",
  "changelog": "https://github.com/VanceCole/bettertemplates/blob/master/changelog.md",
  "download": "https://github.com/VanceCole/bettertemplates/releases/download/0.1.3/bettertemplates.zip"
}